{
  "classes":2,
  "label2train":[
    [0, 0],
    [255, 1]],
  "label":[
    "Background",
    "Road"
  ],
  "palette":[
    [0,0,0],
    [255,255,255]
  ],
  "mean":[
    103.280916,
    108.728603,
    100.012306],
  "std":[
    51.2396566,
    46.7322027,
    44.8316775]
}
